Date,PM2.5,PM10,NO2,SO2,O3,CO,Temperature,Humidity,WindSpeed,AQI
2023-01-01,81.16262258099887,199.76886092320058,14.796767539413597,15.176934919628835,109.0134088038758,1.3330981797737884,32.747895877870675,40.02251447405699,3.2820762084217723,84.23
2023-01-02,190.63571821788406,43.55919019861368,90.74252613455883,23.73004644449277,31.35546600799659,2.9385542632026116,10.737607493764045,40.05715297729906,5.188887650675051,90.82
2023-01-03,149.07884894416696,65.25603994649185,52.998975382546426,15.806817773586252,90.68037042335385,4.428256261443837,10.663706545869918,32.20028561601258,3.7865178322913264,87.44
2023-01-04,123.74511199743695,271.5951727875822,83.51345928023545,8.918797633050339,94.94010649359983,3.7950119888430254,19.708306574486237,74.18412090393844,5.647446434563091,120.08
2023-01-05,39.64354168406294,189.80013670468517,35.40471209790812,11.409597945846864,69.37829398233404,4.129525165376524,24.659295712139972,69.8282716573083,1.5066457198183538,72.01
2023-01-06,39.6389588638785,22.575174452656302,90.07470670713904,37.94074390655261,113.1021929874612,3.464525150198228,33.112222534233794,58.477852544988835,8.02636696816992,49.87
2023-01-07,21.035886311957896,48.412032002488985,41.974159479745495,18.094030035651816,140.81138206766207,3.615244540330336,30.498861298195155,80.65022693815183,1.4803821720871162,44.75
2023-01-08,174.57346769723767,205.78049535025562,6.029576890628344,30.413049161749885,139.57959180694868,4.321380432043936,23.37708119130245,78.34020917700319,12.105169363424242,121.69
2023-01-09,124.21185223120968,21.41724347694123,91.01128775983005,41.26654712667884,73.11751199657849,1.6235060398663368,18.208799988449975,65.12126186380513,3.8888251877012787,68.17
2023-01-10,144.53378978124863,65.02625439689962,13.672234294682688,55.850796633090496,25.853326417705738,2.702412336394132,39.913735004731336,82.09627683079552,8.330172761765404,72.21
2023-01-11,13.911053916202466,173.64546102264413,35.334795571089415,5.066346907605717,147.87776785472684,1.49544248818821,22.78543906707919,42.350472602206096,13.261146769641144,64.46
2023-01-12,194.2828719107789,213.73065535395412,95.25588686982647,64.35401111490532,127.44573210243078,4.944506035984912,23.541610729890266,36.71517716386367,9.937721851184316,143.61
2023-01-13,168.16410175208014,202.54915266072814,95.30767895906783,50.97623038029081,27.45277536845736,4.74826702858976,14.908714635750076,46.18497669101937,8.227887904994361,121.77
2023-01-14,50.34443102887247,82.79540664895674,59.47659937171218,8.377204492012009,138.91786356643212,0.6774206511582765,33.84428646249788,33.42521136535889,5.202839420172946,57.33
2023-01-15,44.54674376934912,219.41018197731003,65.02453515613092,70.13913268032863,131.78549068869796,3.675088276320598,30.81046677344466,61.87017168006192,5.32852773934387,93.66
2023-01-16,44.84685687215242,86.42974449910402,47.60232458794038,73.82804724148143,82.63732799765009,4.663617428370496,16.62308838366281,86.19634153769769,10.207560850373756,62.33
2023-01-17,67.80602616231216,111.11191548459496,32.85502331131613,6.764080868679373,92.7785610042901,1.3125890530730009,12.471431368475281,32.36061244011058,14.915020737706929,63.19
2023-01-18,109.70372201012519,229.01759343304676,36.22313181014202,23.59645655548189,65.86037854181824,3.0557535374868325,30.414979062241393,37.32659484060161,10.09666825281599,101.01
2023-01-19,92.069553542002,201.8972117332201,68.88925332731864,64.88369982385879,17.66662943508439,4.619697339146188,29.63533642843406,57.13194169700611,8.58785955186536,95.05
2023-01-20,65.33353663762796,257.7825549383698,76.47558029657961,60.36425584992535,56.92761383042613,0.6527569036360947,18.197785809946282,86.0325010516743,11.094432398469069,93.63
2023-01-21,126.2520499972521,204.13160984409615,80.2000091539556,16.392639509797434,122.3994828037216,3.6383912026107796,38.52590686751231,48.96936629860503,7.245481378113913,110.5
2023-01-22,36.50383352388795,179.12640893393205,80.01372356548262,18.329247220263404,10.648483220644401,1.8380705331764784,14.531736753427007,60.43408852130355,1.3720639677113855,64.6
2023-01-23,65.50748322169144,46.22893499186589,13.664579789625584,30.896824017727795,56.68988403676018,4.6597828791943865,22.970044031278057,32.494371543023526,8.653303830229692,52.57
2023-01-24,79.60875022580143,122.96042485664138,51.96992894674524,39.792792844899665,65.74361710273206,4.869762103244155,38.30847760502797,38.90059205772533,14.385566625328012,77.1
2023-01-25,96.65329700123682,94.25666295088313,10.468082201581208,50.223872179363084,85.2353844113092,4.749199201010453,22.59181950778367,89.19780737753081,3.0418926641860646,73.35
2023-01-26,159.18343266467258,88.3171001461434,57.20524382075487,30.775263886442247,138.77978629778647,2.633963974958587,29.155778429922567,87.90712178616273,10.505070916899653,94.51
2023-01-27,47.93801861008835,292.44295533068475,46.945397630470815,38.07770785838554,58.48843921123458,4.379191929451911,21.927831938883827,30.296398856064577,3.4135384855563187,100.37
2023-01-28,107.7045432985862,130.06736290669292,89.33189736203848,60.30273317443301,58.573448265471875,4.300472293407816,18.226456070460102,87.10870712539435,8.269501424859678,89.48
2023-01-29,122.55876808378807,269.7730354495917,38.33692619244748,4.861289825466637,113.25017473536477,1.9359521295946505,39.51932943879485,68.34719626893002,1.9018085198774344,111.85
2023-01-30,18.825578416799566,196.7188152792336,16.121366560622555,21.69008165883362,73.310511724573,4.230119633678048,22.280020189451292,82.07509767120132,7.0303785757436845,66.35
2023-01-31,125.43352186127329,242.54716499166156,18.584209795019405,57.641267698995094,41.44467521159747,0.6665343562197168,36.82297611037403,57.28439133803155,11.464368268981069,101.53
2023-02-01,42.39958350058539,160.73838606945378,77.34351001315986,71.82613333960155,73.34153225857708,3.1832144531692386,16.898638176732586,60.93576171475502,5.53978710146524,76.59
2023-02-02,22.35980266720311,181.53308769538054,63.7307160150448,41.91084048502196,29.71998285317198,1.5350397677946637,16.3931411207525,59.33079481541521,10.141220005064662,62.83
2023-02-03,190.28825207813333,157.9049542692819,14.606654231665074,43.50485185069462,34.69417811087126,1.0425509859977546,10.93402248653534,70.01185545276627,12.034024431451073,102.99
2023-02-04,193.47008628416629,74.66803658345246,12.990146580924756,10.359416884502533,79.77148818352717,0.8462894073314412,29.55000476127655,38.379075285378775,13.944078382452064,88.58
2023-02-05,163.59549614212762,222.2865922732215,71.5920674886164,36.898164612229465,68.6495629306367,3.633299491451629,21.055790311712833,31.798415392360678,3.902310186904076,122.87
2023-02-06,67.87661614294043,98.61626148343962,11.912485604598384,43.544146783491804,138.078426149534,2.0294373369562977,35.93074749518911,48.47579649547146,6.290080779234968,66.28
2023-02-07,28.557701661212935,26.808470600807077,83.07670563258384,20.912699283508914,60.73514587632864,3.7614504718794266,24.196297200746713,72.2808457641988,2.710032193291053,40.1
2023-02-08,140.0042750373098,200.73224285400698,72.09301157986714,23.000972014051715,91.28236903892608,0.7941035335952407,39.045802837441656,42.1112071273769,14.89101078129644,105.32
2023-02-09,93.62897381052424,69.59099023397371,12.728134160980478,31.428164722160567,98.51700030873425,1.9188065202377464,15.565765471093634,70.40594599949503,13.941514034902282,62.81
2023-02-10,33.187264620507975,283.328403618816,13.059582838093233,3.5655534266626567,11.83322392236671,2.9277108156890175,36.05869503866832,88.19472276643623,8.329378389068115,76.11
2023-02-11,104.08361292114134,287.1000015607245,98.73075995761167,27.122174915487907,102.89523208233948,4.058254241775336,33.297905583752254,35.6340429473651,12.709482768458109,123.19
2023-02-12,16.533819011891495,276.1620292617256,40.55572559683143,18.49294454573048,34.9250353617652,1.9343862631943147,33.127655339321564,70.35612709350758,8.053890670444613,75.28
2023-02-13,182.77087639496858,123.64443607152442,40.211003971354636,27.54479346987734,144.54984444572372,3.316511193966541,35.34349684350663,56.62501315827427,9.541992476040015,109.83
2023-02-14,59.16819650400321,24.32785262808288,82.21595888946274,11.341446281901595,30.812781885435815,4.486899867062842,32.830719728289964,82.08853526265032,1.792304265682241,45.28
2023-02-15,135.8792340272566,279.9291975245631,94.98861485146658,71.4611278977118,68.04737732178333,3.2713843468203705,28.786609648942463,40.628987366843155,11.451421097203715,130.27
2023-02-16,69.22510445698808,139.891561528848,98.67010106317274,48.300211377215795,21.94895353101014,1.548317636391352,13.937346330471627,71.55755713356987,2.351845512710905,71.46
2023-02-17,108.81292402378405,290.6633493322275,76.57092759959946,54.96998089327019,149.56239525843262,0.6098035170044211,10.975785384737557,80.28691737888661,12.477980638661661,122.54
2023-02-18,113.87495307522313,289.81359358499077,40.744660625437,63.55535661137239,80.30730144637396,4.415444932554184,37.6254354344706,86.6768531684414,11.839407271220596,120.2
2023-02-19,45.122346549850135,258.84264753086086,12.932568086373532,40.87849151646647,93.35390242480614,0.5957123488267422,28.49950943562214,70.99488169737876,10.776798117273158,83.24
2023-02-20,194.22107927526613,102.445689779484,78.82895701310649,8.779782470819047,19.39070683437985,4.4361575270788975,33.89611872928529,59.83048584050564,1.0243255176090507,100.64
2023-02-21,157.27523643861176,127.82736400853908,58.048403724901476,43.89431026184673,114.9944658558849,2.8802171031224537,24.4456705453765,67.07083441207283,4.895361161207265,102.63
2023-02-22,188.50479889719594,258.31826802471994,45.301090878462745,47.77360720562857,39.386783033382,4.725804643308033,13.519245668871834,82.1342990687231,4.315132263707222,133.13
2023-02-23,180.01719658125327,108.73816144375775,91.10366658399992,60.14427898637774,135.7276005216999,4.094524560981494,13.755573766076512,64.23658479832977,5.721977908337027,115.74
2023-02-24,123.60099597410618,67.4579690721059,15.563760819084377,35.66944460591499,38.719549667481004,4.990703497400019,30.56695861686914,31.82322358181021,1.7708198280756589,73.43
2023-02-25,185.1561046543922,175.90435348833805,51.79938490763162,11.951263618053973,36.69628089291332,2.0782031695326957,22.909176846983883,85.85692173041866,14.08588843395041,106.49
2023-02-26,26.813575389864706,282.1233367650187,6.078596252904811,24.13452065230051,15.116953498733283,3.952347300190071,16.0157418010101,71.37160506189366,8.530132490329455,79.54
2023-02-27,47.236743859637585,214.88834306899244,49.522760989442,30.320419119093536,76.0893723153999,2.3086891112415895,24.747836402243106,70.59080314663478,4.930102504541342,79.59
2023-02-28,18.59318489300223,179.6171276250222,10.348811189774548,52.38154482386489,89.07775865676629,2.6594402913675896,11.926268112254023,42.94050914386303,6.2562319975771095,66.26
2023-03-01,71.81276284502022,47.209418255815194,16.287702045466833,46.52070776417513,19.19920951996933,3.323774584482665,27.459142057431965,69.53312821395943,6.984436837320117,47.98
2023-03-02,83.84868504100159,192.20202347576753,16.16499344382496,29.775544620032008,118.57386633730148,4.431547013838524,18.06980213305293,53.63186433924951,9.208617833728951,92.32
2023-03-03,61.556316037040226,297.2150780291937,66.67497870102605,78.94818940585242,73.46043686472387,4.928375611396828,33.92677301911564,69.07397862248953,7.9773517015992175,111.52
2023-03-04,167.46012673886656,59.223524266226725,75.87426353021522,49.2504359098372,83.41463770586121,3.957230362390332,19.310858767707213,36.39558181847944,13.83118361160905,95.07
2023-03-05,77.78313207178196,165.1323026618463,60.420032684230165,20.50368975540757,71.70678457135193,2.379950519753002,23.656604472454035,69.47071827618217,7.705970502134539,78.73
2023-03-06,63.377556840602345,265.6644601398275,96.40639210508148,9.939032864391493,66.10682852254564,2.396106510246816,10.348616197243018,89.96482354623998,14.886291214938034,96.17
2023-03-07,113.1122558000672,227.41521297117725,40.612705054751885,13.923012856377898,88.3496463831505,3.8191203571500116,12.173406633836766,32.892722331633365,12.845661887303889,106.09
2023-03-08,36.77560274520491,215.16440747867503,32.14264819677677,21.184702813991635,31.73363443029975,1.5744971559573604,21.774806692200542,88.63045105327905,3.523402458181369,67.2
2023-03-09,162.41742634326755,216.6955435163906,87.51691717799872,14.533147114245342,35.46993826933796,0.997133509091276,24.398165041513707,54.41447764337224,13.993630612336785,110.87
2023-03-10,24.164622299156456,120.65752234153145,26.241604659348,16.55222787600185,130.64998694189242,2.0957997093834946,28.000616443579112,82.24520702023554,2.187312769339403,54.4
2023-03-11,197.5085179540983,102.20571639405814,96.50614124685808,24.237423158120073,142.4561646987086,1.7925754624433679,18.749877361279097,76.94312904349641,12.353020773122278,111.81
2023-03-12,156.7265061663649,246.62112353398382,6.154675095532553,15.523140432990877,62.26330427916541,1.8333865420519553,30.849456583796275,64.02097565920008,6.0190377554104115,110.66
2023-03-13,47.75597949149276,246.83175051017062,97.13848853722571,71.94770312086116,47.90425424009753,1.5512348797245947,35.803671915676134,74.30695255507959,13.230627646453508,89.99
2023-03-14,11.049202253484456,262.78024920242905,9.10019163530473,8.258232161608092,100.1599360534622,0.6894193533636285,33.3955296668005,82.71093367808086,13.08682200655803,70.2
2023-03-15,164.9376714064185,275.70735471581196,89.65859580131675,42.911888386479866,67.2227839537335,0.5804327063003621,11.188564760450713,54.24841929906198,12.185918301705506,129.49
2023-03-16,144.30289533104724,163.17587168106257,55.13160536319849,34.0109525051936,13.55408979244828,4.944750753812142,24.415208417734867,49.62198969379432,11.95544132645239,99.38
2023-03-17,148.5113619277876,160.4245625124159,99.33165563133353,78.6255321188713,31.86136363126665,2.4249791018113807,13.147905352545246,70.05560313381508,4.917847516921592,105.31
2023-03-18,156.54136587032968,243.52265011069704,12.010673649862891,10.739034369108083,110.23611203863565,2.2294699122185673,17.261350475875822,78.47075651647552,1.6733296042431567,115.64
2023-03-19,24.068483829477167,201.98990061777425,57.61615701812548,33.032736725567844,102.24935186742118,3.5584127721188143,39.59987779801439,75.73710808659695,6.343212592094841,75.26
2023-03-20,78.1084884234118,216.55072563215694,97.0837408838144,77.61869379547878,13.793438950487689,1.4821424953927886,14.274866287045397,77.86881893151806,3.0161054673043757,90.95
2023-03-21,32.01512130977464,242.8219474421083,54.694295196164134,69.50955581973047,41.076102670612926,4.774825327776014,24.966644603540683,56.13499888877598,10.576790789085695,87.19
2023-03-22,173.98965091636276,269.20149570891857,64.79287062284993,65.73162153404382,42.35047152233,4.038552564869985,28.544672029543573,79.0700529705013,5.51844603479789,133.02
2023-03-23,128.42664409723602,114.63864391843002,71.09612545353863,22.116420509505307,104.06498410382198,0.9023495104051678,31.073949116323117,37.212543322236506,14.646347912468766,86.57
2023-03-24,72.87062472200334,125.16322673918432,48.181401152938456,15.329231816425134,12.759475285610982,2.379113491032178,26.789460504607423,62.669345877650976,9.794095121507315,61.81
2023-03-25,22.076086554344492,46.314943155443316,64.61801760798602,54.15417115410562,24.575201477840338,4.456032384029741,10.29312542257551,30.345519629887296,12.425968172698234,44.1
2023-03-26,69.08664112597582,181.91843947892872,60.50985963269452,74.4913271519517,121.98825195224651,4.7512941003113465,19.793839247319756,49.47514979401622,2.4216077547568022,95.85
2023-03-27,71.78483118508194,30.063836663087784,90.61001099664395,45.42750565508652,34.996252687606706,2.6033068006244138,25.531349301541344,51.98769209228387,12.999209992953027,52.98
2023-03-28,148.62517388423217,150.36744507708883,9.317406132438498,46.585789778652185,101.38445509926245,3.2603512514481845,12.635994974345,53.770361496555324,13.879979262444218,100.59
2023-03-29,131.1359195574905,171.94049771812146,31.69150301126188,23.838369305502166,43.345589346541715,1.2516527574143386,20.518807936275422,71.72803240139173,7.562397822874571,88.51
2023-03-30,178.57042108950205,100.23155059591963,95.28909098727308,62.02044878897108,23.92179498630832,4.960258817616395,10.996093263740997,53.31348607622074,9.290667597389174,105.45
2023-03-31,99.72083578077037,185.43331295932302,89.57505946963705,16.589412387486824,44.04410673992357,1.5425226562254952,12.357354914650623,56.921617357351835,11.589742113093434,88.64
2023-04-01,32.72290672827732,28.54006998293384,48.28739151464273,27.246980439531008,111.11737045979228,4.742292983608065,21.907698286047882,44.252647852459646,3.035160095275982,47.37
2023-04-02,145.51650957236905,30.45749284978004,63.91259679114599,35.184042212080506,129.79750553488,3.423409920465658,13.981472621291811,52.39510749776041,7.787208108719915,83.16
2023-04-03,154.54915923721052,250.32815698470432,31.351212383207603,41.59360953738749,126.23078103937883,3.234815576954866,27.026225447846745,43.63617763578909,6.28061390269854,126.28
2023-04-04,116.64266753820428,120.85337959515361,22.871510173757326,20.90795912837626,65.60569414658367,2.807098299574289,30.683949074117972,34.39175542610662,2.622422886352612,79.46
2023-04-05,156.4837641913666,55.57694354252774,49.051348469298304,10.957272329657876,103.53191911989046,1.538014152729914,34.017600973272486,66.20691560288267,5.829249123227206,79.48
2023-04-06,103.82116330923424,166.2281128153452,38.568461662475016,49.62836331044734,38.69780135821493,1.2943761440247872,16.004507327344303,70.09276791330097,1.4884984860896568,82.37
2023-04-07,109.31923758257886,235.59819486761103,60.44733062583285,24.51318315273995,51.040682236541855,1.4921879408157892,15.024477467772092,67.16942076057687,0.8742726507675613,99.39
2023-04-08,91.23279348812443,80.42988769911608,12.38479051167356,47.336581270963755,135.48701459295677,1.3389721796491454,13.137035210032007,57.80964262803434,2.45991119274493,69.11
2023-04-09,14.829634081378085,194.40933322932008,97.56750672828582,14.04029179138778,11.820269291503045,4.00813013105039,29.0929074863091,52.78714681075379,14.46516911804302,66.6
2023-04-10,30.499371128727844,43.897290198255035,98.69002072556228,39.528927944675765,21.971194319625532,2.0755636662502854,31.194271794607033,81.80001897430952,8.468178270477747,39.45
2023-04-11,15.971545280479507,34.47088192721016,71.3253628318758,43.5419757390237,39.104075720443824,0.7602920445352837,10.947584344769261,61.144907108173086,14.50442133672169,32.0
2023-04-12,130.9179781401183,168.77929683908144,55.929154802691436,6.042235872149298,13.71450854233476,4.860961835633651,38.086367387310695,58.75091265778386,6.771219235786914,92.48
2023-04-13,69.72763640450208,171.37783405082982,34.405123547201136,28.255133699125807,35.40096091257162,4.477036482335416,11.559138509544173,31.538523948386143,5.021333929736263,78.8
2023-04-14,106.62843132129353,198.48037241949783,82.31052687216012,12.484344801239992,91.6258185357569,4.674885274378458,26.238890059032116,50.474869657569386,7.83905701118354,102.84
2023-04-15,182.43763004595766,223.30557344234523,70.04946139261853,6.9432476968758845,68.99943708294971,4.977085201908959,31.27181558352749,52.811737127151424,6.872919485177197,126.74
2023-04-16,57.36552353828624,293.2385822495097,20.44860923776467,79.21689812641573,134.97403955077647,1.2825286214876928,36.129073712382564,53.92936685381403,2.032137921795287,104.38
2023-04-17,87.97275537676965,164.5640975243347,91.53808252691503,27.143599908028392,124.44209864338173,2.2830890850619645,31.422607963972833,64.81034215363994,9.79198156300799,90.37
2023-04-18,153.55471632317924,110.42781242354887,83.14103807770105,65.17020677666152,57.85442923770263,3.912073140668411,34.051842492093755,62.016152803612705,3.6325536463891943,98.79
2023-04-19,53.47165144340827,242.65213453523702,95.23099176273278,21.86197107157358,46.31928068038095,3.632092781242065,20.183505776284182,66.47430556760668,9.484025346018528,90.84
2023-04-20,24.626182867470668,95.83303035338078,73.9433532968942,55.15721233346648,63.156937143417366,1.1925315785293478,34.44475341239537,75.8929956925277,9.927915839773224,49.65
2023-04-21,65.05277605361593,142.91199779757812,63.27444361390004,61.297773071395554,92.64129195207309,4.17124906245778,12.403445391540254,78.7791443229656,2.7043603703653973,80.6
2023-04-22,40.63204457826084,41.96778677583447,44.73308844760879,48.45982176741185,47.52890971520267,1.509982573264973,36.84449968181583,73.08738457358967,1.3895695931046883,39.18
2023-04-23,186.64255394508888,27.098208156328102,93.60920591863126,38.78294270691235,97.38084709887876,1.5071792667018038,26.42777128461209,87.33142175729608,11.821042997992377,88.72
2023-04-24,163.54287211723923,289.541556109819,87.27606950253879,34.12359130348695,67.31763130677366,2.916384903020361,34.51893309887481,31.093954960581698,7.1671061446551425,135.4
2023-04-25,130.34671373698046,254.07443374341764,9.295773660087994,29.21172479035363,87.28660531927723,3.168229706787664,23.569548535549004,41.74667914101276,1.343375034829399,112.57
2023-04-26,175.57751213566635,214.87277770623544,7.50486257723894,74.50327325133041,71.05771407894434,3.1103879352701505,29.30733085589575,30.453772498688526,14.925561598961623,121.19
2023-04-27,162.69769461083175,134.50682443599555,40.76401985341471,66.78831380744288,51.22520633586847,0.9116907682898969,25.792079828083395,68.84848284927618,1.3378181344473163,95.68
2023-04-28,45.44831118834681,68.52240961983682,82.00256642427412,77.27209903198798,142.78346297470193,4.448573881836712,31.947685652659956,83.88183293699922,10.578010818449021,67.65
2023-04-29,179.58620971309577,63.80237194790409,98.79123228491973,11.695183431872488,116.90481118236652,1.6952001916491772,12.448899460917687,44.608937794577955,14.763344416319498,96.91
2023-04-30,112.47502596397364,90.06801148608669,19.289604654835177,59.00766306588425,29.615844607303355,1.0828171457726188,11.810562519716914,85.6220726877784,3.9681115111309215,66.84
2023-05-01,163.41362948117188,173.78346611771374,61.442417958452836,75.19055563204095,131.58551662570778,4.499366359410397,17.41309702030439,33.61604341737365,2.5626158459643444,124.05
2023-05-02,180.25734698546373,220.08685835601744,41.18463137994704,16.136179160921493,78.24036775493191,4.80043174203389,14.78634040339565,86.06616160833086,2.260081621625219,123.21
2023-05-03,70.42066024465413,204.85526548096476,97.1418677923873,7.186708854608645,135.23731176517282,4.379574277694528,36.15350699776605,51.09736123437806,4.897489639730136,97.45
2023-05-04,30.909865660258586,98.381491144864,85.00129769789233,59.8074106446246,121.97973583262413,4.142822336261951,16.57641962074133,36.08524970695299,1.965164259654377,68.28
2023-05-05,53.30768088296892,287.36227858569436,84.6412269475581,46.808902828033126,69.52989062569267,3.4485889128755978,39.27595767457394,59.15230555117954,10.536339454564912,102.54
2023-05-06,91.1504798389887,226.61113667481519,49.52585018052218,67.66264458714522,13.145703164816435,2.978858167741127,20.106873753133208,45.40659406323048,1.403231072885909,95.38
2023-05-07,165.4228055252737,175.2191347031922,44.40785272207819,12.90224537685058,47.614830313892455,0.8914404196013457,15.463537470660977,47.092374117715366,7.886620858171951,100.82
2023-05-08,173.53881081870526,191.28180894561862,30.973671833417093,64.03085032507144,85.82879005252137,2.338039458818144,33.690955214274375,48.43739789557719,14.952104380868164,115.97
2023-05-09,11.320904800926234,137.48801747978118,10.355672181838075,17.726930963724072,98.68695077566062,2.177098326555413,29.761233265026284,78.1815538699598,12.302568907837273,49.53
2023-05-10,107.0419874897375,89.36467706032408,87.14862574423006,14.765163543524952,46.10427596064832,1.668892026921468,24.94587149359417,62.34967660051527,9.420681854349658,70.76
2023-05-11,89.30809059826801,119.67235002235324,82.22559586735737,14.81273223861745,29.50985037019538,3.755390511598632,26.660906528128937,48.67846194936022,4.940677501405869,74.13
2023-05-12,52.200483989438744,232.19691093002336,99.9731789621824,65.53682817804781,126.89023315190188,2.7314408078544687,31.576053348167914,66.6200269986551,9.546489626228757,98.89
2023-05-13,32.77441979339973,24.030176816331643,99.68049952202101,53.88538321430361,147.8163052984973,0.8647079715844157,16.853642239938964,72.96904045339161,8.14210122671895,49.01
2023-05-14,74.14688256668931,52.500339341936545,57.766012032249606,42.79910313199131,83.59662552237602,1.490824408774151,39.89001748170226,46.35744004401202,6.678209066410386,56.83
2023-05-15,189.15284374337864,32.88073976609077,78.0538044421485,29.988777761633195,34.03510001876249,3.574664436468182,39.2437948644035,54.81294609152109,2.3953004627328927,86.98
2023-05-16,71.40855708394349,31.40406464931164,94.75274433883067,70.42164218342245,48.12302571271165,0.8425888677063509,29.509770590408106,37.313165600216855,13.355761120986768,54.38
2023-05-17,108.57021813123956,259.528963523082,85.71650211435409,32.61071837896556,12.574694716645343,4.3304311132194595,15.986273527874353,40.86896097208082,7.021877407909177,110.39
2023-05-18,143.5736021900838,217.02420062640664,28.498069665603776,65.69475627878302,138.00183291846986,2.7281593715628842,30.40684727293874,70.86707123789897,3.3220264214010933,117.09
2023-05-19,79.08962445206586,152.76867214445105,47.801692854458885,36.25252286847704,26.48515160461976,2.662639597969916,12.165952269375275,40.88630086173762,5.8325105877207,75.01
2023-05-20,194.63859571698254,47.39356498228041,17.270144439392023,31.40166549514279,90.7123065719955,3.165835030967829,10.919575066174183,61.50980302002361,6.504881411669442,91.52
2023-05-21,192.86498603900114,157.65244503271305,95.63484758957863,38.0890232822293,48.36773089620884,4.211064346663171,17.73048665533641,72.54277570334597,12.499299485719677,118.51
2023-05-22,57.83863620681919,152.57209581855838,62.586590272833604,25.507474184803083,87.58492035221107,2.0651414355598687,23.87868870217949,36.41261538568463,11.13740851814033,73.55
2023-05-23,104.47721611955323,68.49652357480426,26.72106652282896,60.31353165374759,101.19885436926099,3.551072686515786,36.04817516225141,64.03873317773422,11.654920957799428,72.96
2023-05-24,67.16687886518623,141.47846178663247,68.8115650185564,41.21219042721337,126.16385251900823,3.04579383798106,31.81507209298924,45.393767022081825,0.6599533342153846,81.3
2023-05-25,64.11969393171884,131.58132563126458,63.72218284350011,20.11259022145175,38.898978046484444,1.701627215762396,32.28119563599943,87.77561251425479,6.534232973606542,62.23
2023-05-26,17.008519997361233,192.43802745462062,39.02545821311985,72.16681671541635,11.539416012187267,4.453834938598211,22.76480003344226,59.01273880319548,7.479490198712193,67.68
2023-05-27,125.8172234561804,197.82622224294028,15.787971258964756,31.94351526711049,29.16398820963302,4.088417097231177,20.378049776408886,78.35955298650948,0.778288013934322,95.24
2023-05-28,105.50901441348368,32.68512273617247,68.79945358131596,44.39712316689111,136.00260985873473,3.4630332559629147,21.131162889538082,63.01359252937571,4.267291526802996,72.83
2023-05-29,19.780962737497976,124.89153209541195,54.429231585860364,72.70482465523466,132.34461085875213,4.327617780924088,39.62948691208173,32.60475197128915,11.524202435270958,68.9
2023-05-30,62.94282820495617,195.24077639998617,78.37024721488574,50.69056368129138,93.63783430384316,4.402823904319111,11.203275742374474,67.98908253564134,2.4880907330704862,92.05
2023-05-31,182.5705183336642,160.87815240242455,54.41553260563937,11.118047175252398,94.07236046071148,3.6876333952176568,36.01094488367346,87.08420053239942,8.261996906062578,111.13
2023-06-01,55.51675922672476,259.8171555327302,85.95724253026131,75.30690564185106,103.10513443647577,4.266559977636524,27.3602622571718,66.09670920877987,3.620427144249944,105.92
2023-06-02,37.53002569733239,204.4342168533046,57.43114968357612,50.96122813957059,34.55197900728294,3.6386215775117763,23.158462575687714,79.15133156560742,0.6757512323364525,75.6
2023-06-03,102.99602445273698,65.62163958280031,58.2891072958617,28.12263794325272,138.01767242949438,3.560633472921352,31.757729812454095,83.05238780090447,3.9974211351933513,74.85
2023-06-04,197.27358628101413,39.75924927212036,88.28209225254278,12.863221667744206,68.62787348489024,3.2837512019683293,24.600068242741088,43.68478631693595,14.65016944619578,94.26
2023-06-05,55.99050158718508,199.87739789776836,43.330872290177716,63.93396476308308,63.639393954929645,3.8872248780093854,36.20269714244982,42.7226903944936,12.122288122303349,84.69
2023-06-06,137.70575400711692,27.423166951654107,17.73144670281087,50.36567496242405,82.64847873959725,1.2137229738188315,37.02105592033776,66.6588593310595,14.413861342654984,66.11
2023-06-07,154.70772691245634,184.01716275656972,7.734354249767202,43.60996517415308,16.575235348507707,4.4639184163951775,22.651627806203663,54.66170818840229,7.573883636932256,102.07
2023-06-08,55.15113335855594,283.2644675989881,76.7380392889938,71.7236214779747,33.279671625851115,4.423295874853544,18.304833917051546,80.39167817200322,2.091174880823801,102.28
2023-06-09,148.3611062362533,181.1327698052461,63.92940737857914,63.510582475513395,113.32470629969187,0.6316127736555162,27.770509857800867,84.00138740388067,8.445412590118547,107.49
2023-06-10,79.87879521665812,128.68757933782615,71.88757796942623,13.830640619154591,21.591813509517706,4.216175377541433,37.37090036850073,51.20528275816309,7.088471351119432,71.44
2023-06-11,130.1381078127801,200.12070116385888,25.23159534334652,26.314321288052763,94.44129532529435,1.0799144036305033,16.319865670169996,44.21223353846892,12.74317769972443,99.8
2023-06-12,130.37064504456998,148.31080933762465,17.955290180743127,21.38215290552833,44.34887535538493,2.0080348441661386,28.688997506904485,76.83153091463171,1.9221974213715465,82.88
2023-06-13,111.79718997420412,172.77270100846178,6.381743238448783,60.027810820668805,64.50138596587672,3.845787153312235,28.946806602775617,46.48836213288817,7.579496486815784,92.1
2023-06-14,27.155056310337578,283.61014645742705,38.305818086626715,4.6155299093907916,50.41712314789798,1.2234195322173869,31.99339067245843,79.3568591108207,2.6757056380627717,78.08
2023-06-15,168.70747416195522,128.10873858421678,61.042180251190146,46.45139541996269,59.79418030509288,4.18085160853578,13.947030553817793,55.42429521892577,5.207800939905869,104.86
2023-06-16,70.94821234462981,289.133357870696,42.26318428447457,61.47177748777386,110.66642672579437,4.244603800809839,31.474748940462657,70.05299395748823,11.191677622123095,110.96
2023-06-17,45.438516975972306,273.49817974769786,46.56011759225426,70.38771966741646,51.5970401872445,2.783604801923763,37.270975619969235,35.73211883008009,7.402262875847114,94.1
2023-06-18,17.747276895405143,74.821517741003,90.8950759769061,28.68237639984078,89.29664964156561,0.5287364227257512,15.39049326610726,67.43155948059439,5.950380134613655,45.09
2023-06-19,122.26965920576595,39.42116424504633,38.08426936721353,66.058069764417,76.64705630787395,1.7916715992871075,17.12629974771633,57.10606072423374,6.219906039265512,69.52
2023-06-20,138.73722875003367,48.217840385679466,53.82900147018203,10.629275482506163,102.91396315077074,3.27617113269084,39.14185282124919,65.19650779052844,7.161978141886806,76.34
2023-06-21,13.15168749629267,25.102111182433923,79.4470362104086,68.02327875529242,141.1561635054661,4.915337801123406,15.429308581284694,40.0808524646918,11.882739885637324,51.88
2023-06-22,107.29768107686338,46.44402901165995,42.671564320520666,11.944115661894628,112.56009360943504,3.343160871575008,35.63155280108737,74.21242469665093,13.435227989633399,66.39
2023-06-23,53.03419728760821,211.24189655657992,64.09823652164798,32.98840866370865,40.09165300270595,1.669116114788719,24.768335693441045,81.7678246525937,14.35235295430696,76.89
2023-06-24,132.58283017779547,39.932821568864114,86.92455233094078,64.18903853080519,14.365638908579854,3.353025663948251,17.416932232095313,43.00438800544654,11.910099100701778,74.99
2023-06-25,43.129621510948375,109.31317648225317,95.204459247476,13.693559333204355,46.71696620197551,2.92993420872135,36.12249703817534,35.7428733312097,5.073399988346185,59.63
2023-06-26,141.27817023946852,256.56508707144724,18.971980688258604,19.881608828146035,93.31091029803568,4.009304278180146,23.359157650079965,31.418315162780182,10.47795323825486,119.19
2023-06-27,83.4797157971021,26.51614200603124,93.02582439034197,58.33570033465917,17.19961388779505,0.9814128747213129,25.444520617890706,68.51829002659596,6.845245298803183,51.47
2023-06-28,187.97869785997955,248.05117512490202,51.751047842556126,58.1628498505938,79.49127460817309,3.924625561259126,20.77700108199297,66.42564216532685,4.192724019667742,135.43
2023-06-29,36.12897938773872,98.91933693655199,29.533216888401043,52.00951536505319,93.55799884836449,2.935699604042496,27.78852554304782,62.8018447628442,12.692637901675878,56.47
2023-06-30,74.80260669954912,53.08615173406375,48.61789684263482,56.127978668433805,56.79414471437452,4.8334640173654755,14.905716177550683,43.916825766958524,1.0571820599537125,62.94
2023-07-01,31.559969035711923,215.08640630196217,98.10309465212032,44.332506581112504,117.92770852441507,2.0384247471740875,21.73244609955282,53.45435975433088,13.575548885963642,85.84
2023-07-02,185.69178747292693,196.10399709836753,51.79871892932261,21.640326594742316,24.92375543872805,3.3467985191027667,39.082369670058625,65.66858011117039,7.191423237058645,113.22
2023-07-03,176.6944771423864,265.6921637875748,36.23140297731328,28.964287493305715,20.51928944301323,4.694126474795079,17.744002981033827,59.80601153155016,9.739421413720066,127.23
2023-07-04,59.008909265879566,225.81989226508801,65.17308116008894,16.1646219105112,111.94642586850446,0.9612937759580567,29.702099936238767,89.26713121289325,10.06063187198385,85.17
2023-07-05,135.396968746494,244.9746605077576,27.81383378392834,72.859143784023,79.36878426886778,4.71752819256403,19.755701926740848,38.18638515340399,13.479207240244778,121.16
2023-07-06,165.27221803823102,98.96968031996582,12.207016170323072,47.5045599917574,106.37633549988304,3.59548575035366,33.204193770598025,71.70867324285562,9.731710391424507,94.93
2023-07-07,115.48815420389785,69.6830722583224,17.243573581511676,33.26641050756391,70.87582740452447,0.8052667659732735,13.926209821550495,54.259126086257524,9.402036979020895,65.92
2023-07-08,110.63360988764123,230.17213045944033,17.164354700988383,38.03645268424235,44.49628465347495,1.854336051260673,39.094631352356345,55.69197689553688,1.4664545881300044,95.16
2023-07-09,55.95193527108582,245.91372699483392,19.430755883667963,75.8881004897216,124.67432447438796,3.686774398903767,23.61368624150918,73.05586593949057,8.01691631820546,97.51
2023-07-10,27.68952588312085,297.3414397601885,18.188581401693963,13.961409443054256,121.9182230556571,0.8030777066094726,17.08151390039392,71.54616907946217,2.677450511847104,87.36
2023-07-11,180.4709940111321,135.5329495351994,65.8831007563054,47.72592689731018,107.25750591961975,3.11976707079323,12.20490241990038,89.4753596221313,11.192789646461542,111.49
2023-07-12,181.0794308610328,124.16506402197929,22.27860801791876,41.459316952988345,48.100319212194776,2.0564737562883053,15.092737152626222,37.703657367247516,7.92721785178378,98.81
2023-07-13,130.2892768819209,237.3956290077591,37.838391915767005,49.69343036390253,92.6322933616722,3.294119829953647,25.593218456680532,36.246578963049984,10.363302798521122,115.08
2023-07-14,74.41566029925313,115.424991270845,90.19489894107113,3.41259433802556,60.53634557160375,0.7058391521563079,20.11009529293859,73.46032902772447,1.104257058734572,64.56
2023-07-15,76.34981917640557,280.6120511689981,50.026355824972875,70.02566489764382,22.82149026572878,4.421915627685693,34.866500976478285,64.70321502038455,1.7294842326641466,104.18
2023-07-16,147.93157898534548,260.3555705160433,68.41798515949759,74.70522603372177,138.423900564714,4.880700361298286,22.92662570985418,46.44963999358835,10.886689126908893,137.9
2023-07-17,180.45094939098965,140.11832766500515,21.370387764154835,46.080388319958296,29.154608328654597,4.8599503487856115,17.461428177628896,34.765162139339196,1.545222871980764,105.93
2023-07-18,178.54642061037228,230.24389898161925,23.267456786823722,56.338764262397596,143.03322953491235,3.873433242843161,28.5143495981209,35.13949497578583,1.5332225525962497,133.44
2023-07-19,158.17635371294853,231.27200474371105,8.882518545315492,73.95495173182907,72.4408082141138,1.085388080587844,31.203316506563375,83.6514524798471,0.675572890905868,112.66
